name,gsis_id,new_id,fullname
D.Akers,00-0000108,32013030-2d30-3030-3031-3038742ce8f8,David Akers
C.Batch,00-0000865,32013030-2d30-3030-3038-3635f69471c1,Charlie Batch
M.Brunell,00-0002110,32013030-2d30-3030-3231-31302960c423,Mark Brunell
K.Collins,00-0003292,32013030-2d30-3030-3332-3932713f5047,Kerry Collins
J.Delhomme,00-0004161,32013030-2d30-3030-3431-36314534ade6,Jake Delhomme
D.Driver,00-0004541,32013030-2d30-3030-3435-3431e902e643,Donald Driver
K.Faulk,00-0005091,32013030-2d30-3030-3530-3931d6f1cd7e,Kevin Faulk
T.Gonzalez,00-0006101,32013030-2d30-3030-3631-303195dc3244,Tony Gonzalez
M.Hasselbeck,00-0007091,32013030-2d30-3030-3730-39316c93ae22,Matt Hasselbeck
R.Kelly,00-0009119,32013030-2d30-3030-3931-31393cbcd5e8,Reggie Kelly
J.Kitna,00-0009311,32013030-2d30-3030-3933-3131367590c9,Jon Kitna
J.Kleinsasser,00-0009323,32013030-2d30-3030-3933-3233987100c2,Jimmy Kleinsasser
P.Manning,00-0010346,32013030-2d30-3031-3033-3436e2e70d78,Peyton Manning
D.Mason,00-0010500,32013030-2d30-3031-3035-3030b8fff8aa,Derrick Mason
D.McNabb,00-0011022,32013030-2d30-3031-3130-3232b50875be,Donovan McNabb
R.Moss,00-0011754,32013030-2d30-3031-3137-3534658285bc,Randy Moss
M.Sellers,00-0014655,32013030-2d30-3031-3436-3535357e93e4,Mike Sellers
B.Stokley,00-0015754,32013030-2d30-3031-3537-353471e15680,Brandon Stokley
M.Turk,00-0016689,32013030-2d30-3031-3636-3839da153745,Matt Turk
H.Ward,00-0017162,32013030-2d30-3031-3731-36328f5aa145,Hines Ward
R.Williams,00-0017915,32013030-2d30-3031-3739-3135ce63f577,Ricky Williams
C.Woodson,00-0018227,32013030-2d30-3031-3832-32378cb4504c,Charles Woodson
B.Meester,00-0018956,32013030-2d30-3031-3839-3536b3613cd2,Brad Meester
B.Volek,00-0019041,32013030-2d30-3031-3930-3431ebc5d385,Billy Volek
R.Lindell,00-0019310,32013030-2d30-3031-3933-313071fe069e,Rian Lindell
A.Becht,00-0019457,32013030-2d30-3031-3934-3537d06e129d,Anthony Becht
S.Morris,00-0019484,32013030-2d30-3031-3934-3834ae9192ef,Sammy Morris
T.Brady,00-0019596,32013030-2d30-3031-3935-39361b587621,Tom Brady
T.Jones,00-0019641,32013030-2d30-3031-3936-3431c06ee897,Thomas Jones
P.Burress,00-0019642,32013030-2d30-3031-3936-343229b3d1b0,Plaxico Burress
C.Redman,00-0019709,32013030-2d30-3031-3937-3039dda68e05,Chris Redman
S.Lechler,00-0019714,32013030-2d30-3031-3937-31345bd2fef8,Shane Lechler
J.Feely,00-0019770,32013030-2d30-3031-3937-37304370e41f,Jay Feely
M.Vick,00-0020245,32013030-2d30-3032-3032-3435b1d69a2f,Mike Vick
J.Avant,00-0020245,32013030-2d30-3032-3433-32345833fa0d,Mike Vick
N.Harris,00-0020267,32013030-2d30-3032-3032-363734fb87a8,Nick Harris
A.Feeley,00-0020305,32013030-2d30-3032-3033-3035a2bdfac5,A.J. Feeley
S.Smith,00-0020337,32013030-2d30-3032-3033-3337ff38c404,Steve Smith
C.Ochocinco,00-0020397,32013030-2d30-3032-3033-3937433a30de,Chad Johnson
T.Houshmandzadeh,00-0020438,32013030-2d30-3032-3034-3338c842790d,T.J. Houshmandzadeh
S.Moss,00-0020494,32013030-2d30-3032-3034-3934f47a0f80,Santana Moss
R.Wayne,00-0020498,32013030-2d30-3032-3034-3938af93005c,Reggie Wayne
T.Heap,00-0020516,32013030-2d30-3032-3035-313672a71493,Todd Heap
D.Brees,00-0020531,32013030-2d30-3032-3035-33318e1e348d,Drew Brees
L.Tomlinson,00-0020536,32013030-2d30-3032-3035-3336c45b4434,LaDainian Tomlinson
D.Carr,00-0020608,32013030-2d30-3032-3036-30383f2c3b17,David Carr
S.Hill,00-0020679,32013030-2d30-3032-3036-3739dd380a34,Shaun Hill
C.McIntyre,00-0020804,32013030-2d30-3032-3038-3034b888cbcd,Corey McIntyre
J.Peppers,00-0021140,32013030-2d30-3032-3131-34302c0d72b9,Julius Peppers
D.Stallworth,00-0021147,32013030-2d30-3032-3131-3437688e4839,Donte' Stallworth
J.Shockey,00-0021148,32013030-2d30-3032-3131-3438a4907f6f,Jeremy Shockey
D.Graham,00-0021154,32013030-2d30-3032-3131-353440d2ef10,Daniel Graham
J.Gaffney,00-0021163,32013030-2d30-3032-3131-3633e26e70b6,Jabar Gaffney
M.Morris,00-0021182,32013030-2d30-3032-3131-3832b3b94a99,Maurice Morris
D.Branch,00-0021192,32013030-2d30-3032-3131-3932b4b3b9f1,Deion Branch
J.McCown,00-0021206,32013030-2d30-3032-3132-3036625eba8c,Josh McCown
J.Peelle,00-0021227,32013030-2d30-3032-3132-323741709ef4,Justin Peelle
R.McMichael,00-0021236,32013030-2d30-3032-3132-33365e41ab11,Randy McMichael
J.Gilmore,00-0021304,32013030-2d30-3032-3133-303446e3e572,John Gilmore
C.Taylor,00-0021314,32013030-2d30-3032-3133-313418b6361f,Chester Taylor
R.Cartwright,00-0021357,32013030-2d30-3032-3133-3537873b62d8,Rock Cartwright
C.Palmer,00-0021429,32013030-2d30-3032-3134-32391c8963bc,Carson Palmer
M.McBriar,00-0021488,32013030-2d30-3032-3134-38384dce86c9,Mat McBriar
A.Gates,00-0021547,32013030-2d30-3032-3135-3437f752e4a4,Antonio Gates
K.Osgood,00-0021570,32013030-2d30-3032-3135-3730324d2baa,Kassim Osgood
J.Urban,00-0021647,32013030-2d30-3032-3136-343729454914,Jerheme Urban
T.Romo,00-0021678,32013030-2d30-3032-3136-37385976e857,Tony Romo
E.Graham,00-0021755,32013030-2d30-3032-3137-3535b30e4514,Earnest Graham
W.Heller,00-0021756,32013030-2d30-3032-3137-3536a5788a2c,Will Heller
D.Lee,00-0021929,32013030-2d30-3032-3139-3239b227c108,Donald Lee
K.Walter,00-0021931,32013030-2d30-3032-3139-3331f67f1160,Kevin Walter
J.Brown,00-0021940,32013030-2d30-3032-3139-3430674c3aa3,Josh Brown
L.Johnson,00-0021976,32013030-2d30-3032-3139-37365d176f27,Larry Johnson
N.Burleson,00-0021999,32013030-2d30-3032-3139-3939a15b6bc8,Nate Burleson
A.Johnson,00-0022044,32013030-2d30-3032-3230-343499436c0c,Andre Johnson
V.Shiancoe,00-0022054,32013030-2d30-3032-3230-353473eab7ae,Visanthe Shiancoe
S.Wallace,00-0022055,32013030-2d30-3032-3230-353563e50f54,Seneca Wallace
A.Battle,00-0022064,32013030-2d30-3032-3230-363437f62ea4,Arnaz Battle
A.Boldin,00-0022084,32013030-2d30-3032-3230-38343770790e,Anquan Boldin
B.Lloyd,00-0022097,32013030-2d30-3032-3230-39376094ad7b,Brandon Lloyd
R.Grossman,00-0022121,32013030-2d30-3032-3231-32312bbd6e07,Rex Grossman
J.Witten,00-0022127,32013030-2d30-3032-3231-32373ce51f62,Jason Witten
B.Butler,00-0022127,32013030-2d30-3033-3035-3136ffd39661,Jason Witten
O.Mughelli,00-0022143,32013030-2d30-3032-3231-3433c686736c,Ovie Mughelli
B.Johnson,00-0022156,32013030-2d30-3032-3231-353660e7c565,Bryant Johnson
K.Boller,00-0022164,32013030-2d30-3032-3231-3634ecb7f7d7,Kyle Boller
D.Clark,00-0022165,32013030-2d30-3032-3231-36355413711e,Dallas Clark
B.Leftwich,00-0022177,32013030-2d30-3032-3231-3737dee12508,Byron Leftwich
W.McGahee,00-0022178,32013030-2d30-3032-3231-3738f30af1ce,Willis McGahee
M.Moore,00-0022217,32013030-2d30-3032-3232-31374d91cef8,Mewelde Moore
G.Wilson,00-0022341,32013030-2d30-3032-3233-3431b4a195d4,George Wilson
T.Copper,00-0022388,32013030-2d30-3032-3233-38385865b6b7,Terrance Copper
V.Leach,00-0022397,32013030-2d30-3032-3233-3937a45074ba,Vonta Leach
L.Polite,00-0022405,32013030-2d30-3032-3234-303545b4bea2,Lousaka Polite
J.Babineaux,00-0022409,32013030-2d30-3032-3234-3039bea62026,Jordan Babineaux
M.Floyd,00-0022414,32013030-2d30-3032-3234-3134d898f597,Malcom Floyd
R.Martin,00-0022421,32013030-2d30-3032-3234-3231cd712d49,Ruvell Martin
W.Welker,00-0022427,32013030-2d30-3032-3234-3237c5d6fb3d,Wes Welker
D.Jones,00-0022684,32013030-2d30-3032-3236-3834f2047ed5,Donnie Jones
K.Wilson,00-0022714,32013030-2d30-3032-3237-3134cdc565c0,Kris Wilson
M.Clayton,00-0022725,32013030-2d30-3032-3237-3235b7416edb,Michael Clayton
K.Colbert,00-0022726,32013030-2d30-3032-3237-3236fd40333d,Keary Colbert
S.Jackson,00-0022736,32013030-2d30-3032-3237-3336d84a194c,Steven Jackson
C.Cooley,00-0022738,32013030-2d30-3032-3237-333882af5548,Chris Cooley
J.Allen,00-0022740,32013030-2d30-3032-3237-343072850589,Jared Allen
P.Crayton,00-0022766,32013030-2d30-3032-3237-36369257f551,Patrick Crayton
D.Ward,00-0022770,32013030-2d30-3032-3237-3730ab3e1585,Derrick Ward
E.Amano,00-0022771,32013030-2d30-3032-3237-37319d4e7db4,Eugene Amano
M.Jenkins,00-0022781,32013030-2d30-3032-3237-38319e95d824,Michael Jenkins
M.Wallace,00-0022785,32013030-2d30-3032-3639-30312aa87647,Max Starks
M.Schaub,00-0022787,32013030-2d30-3032-3237-3837e8f3d1a2,Matt Schaub
E.Manning,00-0022803,32013030-2d30-3032-3238-3033cc58aa39,Eli Manning
D.Harris,00-0022803,32013030-2d30-3032-3831-3134ffabe51a,Eli Manning
B.Berrian,00-0022807,32013030-2d30-3032-3238-303719bd9ab7,Bernard Berrian
J.Cotchery,00-0022811,32013030-2d30-3032-3238-313152a073a9,Jerricho Cotchery
K.Benjamin,00-0022811,32013030-2d30-3033-3133-353912ee7d35,Jerricho Cotchery
M.Turner,00-0022821,32013030-2d30-3032-3238-32311bdd0b54,Michael Turner
A.Lee,00-0022824,32013030-2d30-3032-3238-32349b479eae,Andy Lee
B.Hartsock,00-0022847,32013030-2d30-3032-3238-3437425d48a6,Ben Hartsock
I.Sopoaga,00-0022863,32013030-2d30-3032-3238-3633ccd82272,Isaac Sopoaga
L.McCown,00-0022864,32013030-2d30-3032-3238-3634afa2a00d,Luke McCown
G.Jones,00-0022897,32013030-2d30-3032-3238-39371c364df6,Greg Jones
W.Allen,00-0022900,32013030-2d30-3032-3239-3030a84d29fb,Will Allen
R.Williams,00-0022909,32013030-2d30-3032-3239-30392e97c147,Roy Williams
L.Evans,00-0022910,32013030-2d30-3032-3239-313040bb2bc5,Lee Evans
J.Losman,00-0022912,32013030-2d30-3032-3239-31326ca7d078,J.P. Losman
L.Fitzgerald,00-0022921,32013030-2d30-3032-3239-323176c2a1fa,Larry Fitzgerald
K.Winslow,00-0022922,32013030-2d30-3032-3239-3232465025ef,Kellen Winslow
B.Roethlisberger,00-0022924,32013030-2d30-3032-3239-3234f41ff7f7,Ben Roethlisberger
H.Miller,00-0022924,32013030-2d30-3032-3334-3635a471e805,Ben Roethlisberger
D.Henderson,00-0022929,32013030-2d30-3032-3239-32399ca637a6,Devery Henderson
P.Rivers,00-0022942,32013030-2d30-3032-3239-34322bc30020,Philip Rivers
B.Watson,00-0022943,32013030-2d30-3032-3239-3433af8a4c03,Benjamin Watson
R.Grant,00-0022984,32013030-2d30-3032-3239-3834762d9177,Ryan Grant
J.Kuhn,00-0022999,32013030-2d30-3032-3239-3939bbbfa741,John Kuhn
S.Suisham,00-0023001,32013030-2d30-3032-3330-30318a36c64e,Shaun Suisham
C.Kluwe,00-0023060,32013030-2d30-3032-3330-3630e93eeb9d,Chris Kluwe
S.Spach,00-0023108,32013030-2d30-3032-3331-3038a880a8da,Stephen Spach
J.Cribbs,00-0023176,32013030-2d30-3032-3331-3736cf71990d,Josh Cribbs
M.Koenen,00-0023234,32013030-2d30-3032-3332-333472d60074,Michael Koenen
L.Moore,00-0023310,32013030-2d30-3032-3333-313033a65748,Lance Moore
R.Ventrone,00-0023316,32013030-2d30-3032-3333-3136f6c8ec40,Raymond Ventrone
N.Washington,00-0023367,32013030-2d30-3032-3333-3637d0f78987,Nate Washington
G.Camarillo,00-0023408,32013030-2d30-3032-3334-3038f6b2e877,Greg Camarillo
R.Davis,00-0023429,32013030-2d30-3032-3334-3239869c1a57,Rashied Davis
A.Smith,00-0023436,32013030-2d30-3032-3334-3336b638d37d,Alex Smith
R.Brown,00-0023437,32013030-2d30-3032-3334-33378f0f9181,Ronnie Brown
B.Edwards,00-0023438,32013030-2d30-3032-3334-333873e1f2db,Braylon Edwards
C.Benson,00-0023439,32013030-2d30-3032-3334-3339a83f6766,Cedric Benson
C.Williams,00-0023440,32013030-2d30-3032-3334-3430b8dd718e,Cadillac Williams
M.Williams,00-0023452,32013030-2d30-3032-3334-3532439be3f6,Mike Williams
M.Clayton,00-0023457,32013030-2d30-3032-3334-353734e790ca,Mark Clayton
A.Rodgers,00-0023459,32013030-2d30-3032-3334-35395dc60da5,Aaron Rodgers
J.Jones,00-0023459,32013030-2d30-3032-3534-36357fe505a7,Aaron Rodgers
J.Campbell,00-0023460,32013030-2d30-3032-3334-3630311d0939,Jason Campbell
R.White,00-0023462,32013030-2d30-3032-3334-363239a03bb2,Roddy White
H.Miller,00-0023465,32013030-2d30-3032-3334-3635a471e805,Heath Miller
D.Woodhead,00-0023467,32013030-2d30-3032-3630-3139a0566537,Logan Mankins
K.Barnes,00-0023487,32013030-2d30-3032-3334-38377ef3f843,Khalif Barnes
R.Parrish,00-0023490,32013030-2d30-3032-3334-3930ab8b7a5b,Roscoe Parrish
V.Jackson,00-0023496,32013030-2d30-3032-3334-39361c063abc,Vincent Jackson
F.Gore,00-0023500,32013030-2d30-3032-3335-3030dd77cad3,Frank Gore
C.Roby,00-0023503,32013030-2d30-3032-3335-3033580da411,Courtney Roby
Al.Smith,00-0023506,32013030-2d30-3032-3335-3036f327363a,Alex Smith
A.Smith,00-0023506,32013030-2d30-3032-3335-3036f327363a,Alex Smith
D.Colquitt,00-0023534,32013030-2d30-3032-3335-3334dc594716,Dustin Colquitt
S.Considine,00-0023537,32013030-2d30-3032-3335-33378921c083,Sean Considine
K.Orton,00-0023541,32013030-2d30-3032-3335-34312c37f3ed,Kyle Orton
M.Barber,00-0023544,32013030-2d30-3032-3335-343490ebdbe3,Marion Barber
B.Jacobs,00-0023545,32013030-2d30-3032-3335-3435e5f50fe8,Brandon Jacobs
D.Sproles,00-0023564,32013030-2d30-3032-3335-3634a4a97bd6,Darren Sproles
M.Giordano,00-0023569,32013030-2d30-3032-3335-3639ee026af6,Matt Giordano
D.Orlovsky,00-0023578,32013030-2d30-3032-3335-3738d469dbc2,Dan Orlovsky
J.Dreessen,00-0023630,32013030-2d30-3032-3336-3330844f9a27,Joel Dreessen
D.Anderson,00-0023645,32013030-2d30-3032-3336-343575bf3e08,Derek Anderson
M.Cassel,00-0023662,32013030-2d30-3032-3336-3632a25ecc29,Matt Cassel
B.Bajema,00-0023679,32013030-2d30-3032-3336-3739490101c5,Billy Bajema
R.Fitzpatrick,00-0023682,32013030-2d30-3032-3336-3832b8755c76,Ryan Fitzpatrick
J.Ryan,00-0023742,32013030-2d30-3032-3337-343266a7566f,Jon Ryan
D.Fells,00-0023752,32013030-2d30-3032-3337-35322fa7bf0b,Daniel Fells
M.Prater,00-0023853,32013030-2d30-3032-3338-35338ddfcccf,Matt Prater
D.Penn,00-0023894,32013030-2d30-3032-3338-3934dd83e74d,Donald Penn
M.Austin,00-0023921,32013030-2d30-3032-3339-32312fc42f27,Miles Austin
S.Hurd,00-0023953,32013030-2d30-3032-3339-3533f7c7fde8,Sam Hurd
M.Spurlock,00-0023968,32013030-2d30-3032-3339-3638abb6a923,Micheal Spurlock
M.Owens,00-0024103,32013030-2d30-3032-3431-3033e555ff24,Montell Owens
S.Weatherford,00-0024110,32013030-2d30-3032-3431-3130266dfb5f,Steve Weatherford
F.Jackson,00-0024204,32013030-2d30-3032-3432-303437764cc7,Fred Jackson
R.Bush,00-0024217,32013030-2d30-3032-3432-3137b3342bb5,Reggie Bush
V.Young,00-0024218,32013030-2d30-3032-3432-3138bc3430d9,Vince Young
V.Davis,00-0024221,32013030-2d30-3032-3432-3231bd4de2d9,Vernon Davis
C.Thompson,00-0024221,32013030-2d30-3033-3034-3034ec604bfe,Vernon Davis
M.Leinart,00-0024225,32013030-2d30-3032-3432-323551485187,Matt Leinart
J.Cutler,00-0024226,32013030-2d30-3032-3432-3236d681c61c,Jay Cutler
A.Cromartie,00-0024234,32013030-2d30-3032-3432-33342eb0ea7d,Antonio Cromartie
S.Holmes,00-0024240,32013030-2d30-3032-3432-3430a333b161,Santonio Holmes
D.Williams,00-0024242,32013030-2d30-3032-3432-343298c71478,DeAngelo Williams
De.Williams,00-0024242,32013030-2d30-3032-3432-343298c71478,DeAngelo Williams
M.Lewis,00-0024243,32013030-2d30-3032-3432-34333951f04d,Marcedes Lewis
J.Addai,00-0024245,32013030-2d30-3032-3432-3435cf4abb90,Joseph Addai
K.Clemens,00-0024264,32013030-2d30-3032-3432-36348efd1174,Kellen Clemens
G.Jennings,00-0024267,32013030-2d30-3032-3432-3637ce9f2fe1,Greg Jennings
A.Fasano,00-0024268,32013030-2d30-3032-3432-3638b9992f34,Anthony Fasano
D.Hester,00-0024272,32013030-2d30-3032-3432-3732d4c7b991,Devin Hester
M.Jones-Drew,00-0024275,32013030-2d30-3032-3432-3735b3c09990,Maurice Jones-Drew
T.Scheffler,00-0024276,32013030-2d30-3032-3432-37365a84e63e,Tony Scheffler
T.Jackson,00-0024279,32013030-2d30-3032-3432-3739b877b9f7,Tarvaris Jackson
L.Pope,00-0024287,32013030-2d30-3032-3432-38378e874d8d,Leonard Pope
J.Norwood,00-0024294,32013030-2d30-3032-3432-3934b8660ecf,Jerious Norwood
C.Whitehurst,00-0024296,32013030-2d30-3032-3432-393657c9ed83,Charlie Whitehurst
D.Hagan,00-0024297,32013030-2d30-3032-3432-393714e188c7,Derek Hagan
D.Thomas,00-0024301,32013030-2d30-3032-3433-30312a28d6dc,David Thomas
M.Stovall,00-0024305,32013030-2d30-3032-3433-30354c102d71,Maurice Stovall
O.Daniels,00-0024313,32013030-2d30-3032-3433-313345f73c3b,Owen Daniels
M.Robinson,00-0024315,32013030-2d30-3032-3433-3135951498a9,Michael Robinson
B.Smith,00-0024318,32013030-2d30-3032-3433-3138f996ca29,Brad Smith
J.Avant,00-0024324,32013030-2d30-3032-3433-32345833fa0d,Jason Avant
J.Maclin,00-0024324,32013030-2d30-3032-3639-39357171483a,Jason Avant
L.Washington,00-0024332,32013030-2d30-3032-3433-333227e87e5f,Leon Washington
B.Marshall,00-0024334,32013030-2d30-3032-3433-3334d8cecffc,Brandon Marshall
G.Whimper,00-0024344,32013030-2d30-3032-3433-3434dcee86a1,Guy Whimper
D.Hixon,00-0024345,32013030-2d30-3032-3433-3435346c5c5b,Domenik Hixon
K.Williams,00-0024348,32013030-2d30-3032-3433-3438f3be748d,Kyle Williams
J.Harrison,00-0024359,32013030-2d30-3032-3433-353924092e52,Jerome Harrison
J.King,00-0024369,32013030-2d30-3032-3433-3639d4b22274,Jeff King
D.Walker,00-0024389,32013030-2d30-3032-3433-38399dd62eb4,Delanie Walker
D.McCluster,00-0024389,32013030-2d30-3032-3736-35318c25fb71,Delanie Walker
De.Walker,00-0024389,32013030-2d30-3032-3433-38399dd62eb4,Delanie Walker
L.Vickers,00-0024394,32013030-2d30-3032-3433-3934562efe4f,Lawrence Vickers
J.Clary,00-0024401,32013030-2d30-3032-3434-303128e02fa5,Jeromey Clary
B.Gradkowski,00-0024408,32013030-2d30-3032-3434-3038f524922d,Bruce Gradkowski
S.Koch,00-0024417,32013030-2d30-3032-3434-31371043198a,Sam Koch
D.Aromashodu,00-0024447,32013030-2d30-3032-3434-3437e15c37d0,Devin Aromashodu
B.Obomanu,00-0024463,32013030-2d30-3032-3434-36335b089313,Ben Obomanu
D.Anderson,00-0024465,32013030-2d30-3032-3434-36351368308f,David Anderson
M.Colston,00-0024466,32013030-2d30-3032-3434-3636771acdc6,Marques Colston
K.Stills,00-0024466,32013030-2d30-3033-3030-383513d39aa7,Marques Colston
A.Hall,00-0024489,32013030-2d30-3032-3434-38397cfe32a4,Ahmard Hall
E.Weems,00-0024535,32013030-2d30-3032-3435-33354e73afea,Eric Weems
D.Ware,00-0024559,32013030-2d30-3032-3435-35399e33cf37,D.J. Ware
J.Holley,00-0024609,32013030-2d30-3032-3436-303953a5e5ea,Jesse Holley
M.Willis,00-0024756,32013030-2d30-3032-3437-35366a3b6b9f,Matt Willis
C.Dahl,00-0024796,32013030-2d30-3032-3437-39361bcd70f0,Craig Dahl
T.Palko,00-0024812,32013030-2d30-3032-3438-313278fa973a,Tyler Palko
P.Thomas,00-0024813,32013030-2d30-3032-3438-3133caab8d39,Pierre Thomas
C.Johnson,00-0025389,32013030-2d30-3032-3533-38393e6651e0,Calvin Johnson
A.Peterson,00-0025394,32013030-2d30-3032-3533-3934ceb6c025,Adrian Peterson
T.Ginn,00-0025396,32013030-2d30-3032-3533-39365de71765,Ted Ginn
M.Lynch,00-0025399,32013030-2d30-3032-3533-39391f785c8e,Marshawn Lynch
B.Quinn,00-0025409,32013030-2d30-3032-3534-3039681cbb21,Brady Quinn
D.Bowe,00-0025410,32013030-2d30-3032-3534-31305ee0c746,Dwayne Bowe
R.Meachem,00-0025414,32013030-2d30-3032-3534-31344555fa81,Robert Meachem
D.Sproles,00-0025414,32013030-2d30-3032-3335-3634a4a97bd6,Robert Meachem
J.Staley,00-0025415,32013030-2d30-3032-3534-3135380855dd,Joe Staley
G.Olsen,00-0025418,32013030-2d30-3032-3534-3138dcd6869e,Greg Olsen
K.Benjamin,00-0025418,32013030-2d30-3033-3133-353912ee7d35,Greg Olsen
A.Gonzalez,00-0025419,32013030-2d30-3032-3534-313997343fd7,Anthony Gonzalez
K.Kolb,00-0025423,32013030-2d30-3032-3534-32335132798a,Kevin Kolb
E.Weddle,00-0025424,32013030-2d30-3032-3534-32342b68d751,Eric Weddle
Z.Miller,00-0025425,32013030-2d30-3032-3534-32359baa4be5,Zach Miller
J.Beck,00-0025427,32013030-2d30-3032-3534-323797243087,John Beck
D.Stanton,00-0025430,32013030-2d30-3032-3534-3330104af661,Drew Stanton
S.Rice,00-0025431,32013030-2d30-3032-3534-333139b89012,Sidney Rice
S.Smith,00-0025438,32013030-2d30-3032-3534-3338d05b6e65,Steve Smith
B.Leonard,00-0025439,32013030-2d30-3032-3534-3339af7dd1ca,Brian Leonard
S.Satele,00-0025447,32013030-2d30-3032-3534-34372fe03e70,Samson Satele
B.Jackson,00-0025450,32013030-2d30-3032-3534-353011db9ba6,Brandon Jackson
L.Booker,00-0025458,32013030-2d30-3032-3534-35386b7b1097,Lorenzo Booker
J.Jones,00-0025460,32013030-2d30-3032-3534-363091abd5a0,Jacoby Jones
T.Smith,00-0025460,32013030-2d30-3032-3739-393641e0521b,Jacoby Jones
L.Robinson,00-0025462,32013030-2d30-3032-3534-363217659fd2,Laurent Robinson
J.Hill,00-0025463,32013030-2d30-3032-3534-363335f61c82,Jason Hill
M.Spaeth,00-0025464,32013030-2d30-3032-3534-36342800be26,Matt Spaeth
J.Jones,00-0025465,32013030-2d30-3032-3534-36357fe505a7,James Jones
Ja.Jones,00-0025465,32013030-2d30-3032-3534-36357fe505a7,James Jones
M.Sims-Walker,00-0025466,32013030-2d30-3032-3534-36366e1678a7,Mike Sims-Walker
T.Edwards,00-0025479,32013030-2d30-3032-3534-37392cb6f6b5,Trent Edwards
M.Bush,00-0025487,32013030-2d30-3032-3534-38377f6a9c9e,Michael Bush
A.Podlesh,00-0025488,32013030-2d30-3032-3534-3838a0367332,Adam Podlesh
I.Stanback,00-0025490,32013030-2d30-3032-3534-393017f3cc7e,Isaiah Stanback
D.Sepulveda,00-0025499,32013030-2d30-3032-3534-393976400607,Daniel Sepulveda
D.Goldson,00-0025513,32013030-2d30-3032-3535-3133bd6cebc8,Dashon Goldson
S.Chandler,00-0025516,32013030-2d30-3032-3535-31364514eb06,Scott Chandler
L.McClain,00-0025524,32013030-2d30-3032-3535-32343d876048,Le'Ron McClain
S.Breaston,00-0025529,32013030-2d30-3032-3535-3239379e0cce,Steve Breaston
K.Boss,00-0025540,32013030-2d30-3032-3535-3430bfca9c7e,Kevin Boss
D.Rosario,00-0025542,32013030-2d30-3032-3535-343216efcab2,Dante Rosario
B.Celek,00-0025549,32013030-2d30-3032-3535-3439b1c63445,Brent Celek
L.Naanee,00-0025559,32013030-2d30-3032-3535-353930663833,Legedu Naanee
R.Maui'a,00-0025568,32013030-2d30-3032-3535-3638fb8b3b73,Reagan Maui'a
T.Clayton,00-0025573,32013030-2d30-3032-3535-37332fd4e088,Thomas Clayton
M.Crosby,00-0025580,32013030-2d30-3032-3535-3830b71d2a71,Mason Crosby
J.Palmer,00-0025592,32013030-2d30-3032-3535-393279a9cee5,Jordan Palmer
T.Thigpen,00-0025604,32013030-2d30-3032-3536-303461c70703,Tyler Thigpen
M.Otto,00-0025610,32013030-2d30-3032-3536-313026d75c85,Michael Otto
B.Fields,00-0025612,32013030-2d30-3032-3536-31327d77bc04,Brandon Fields
C.Stuckey,00-0025622,32013030-2d30-3032-3536-3232e385b1d6,Chansi Stuckey
J.Snelling,00-0025631,32013030-2d30-3032-3536-3331f26a2f13,Jason Snelling
A.Bradshaw,00-0025637,32013030-2d30-3032-3536-33375c8435f2,Ahmad Bradshaw
J.Battle,00-0025701,32013030-2d30-3032-3537-3031b7f633f4,Jackie Battle
M.Moore,00-0025708,32013030-2d30-3032-3537-303840077afd,Matt Moore
R.Bartel,00-0025749,32013030-2d30-3032-3537-3439c7b6a620,Richard Bartel
D.Amendola,00-0025761,32013030-2d30-3032-3630-33356909a613,Robert Turner
B.Kern,00-0025825,32013030-2d30-3032-3538-3235a1e18149,Brett Kern
B.Green-Ellis,00-0025860,32013030-2d30-3032-3538-3630d961ca12,BenJarvus Green-Ellis
S.Hauschka,00-0025944,32013030-2d30-3032-3539-34345266e5e5,Stephen Hauschka
D.Reynaud,00-0025951,32013030-2d30-3032-3539-3531fea9f83d,Darius Reynaud
C.Hanie,00-0025970,32013030-2d30-3032-3539-373029690f00,Caleb Hanie
D.Bess,00-0026000,32013030-2d30-3032-3630-3030c0405014,Davone Bess
M.Mulligan,00-0026008,32013030-2d30-3032-3630-30384d703f0f,Matthew Mulligan
D.Woodhead,00-0026019,32013030-2d30-3032-3630-3139a0566537,Danny Woodhead
K.Lumpkin,00-0026029,32013030-2d30-3032-3630-323987cae614,Kregg Lumpkin
M.Cox,00-0026033,32013030-2d30-3032-3630-333339c99f6e,Mike Cox
D.Amendola,00-0026035,32013030-2d30-3032-3630-33356909a613,Danny Amendola
M.Tolbert,00-0026069,32013030-2d30-3032-3630-36396d86b4f7,Mike Tolbert
J.Collins,00-0026072,32013030-2d30-3032-3630-3732f7f652f6,Jed Collins
E.Moore,00-0026123,32013030-2d30-3032-3631-32339a0efd25,Evan Moore
M.Ryan,00-0026143,32013030-2d30-3032-3631-34338634c9b6,Matt Ryan
D.McFadden,00-0026144,32013030-2d30-3032-3631-3434b1da4c3a,Darren McFadden
J.Stewart,00-0026153,32013030-2d30-3032-3631-3533a3c6b9c0,Jonathan Stewart
J.Flacco,00-0026158,32013030-2d30-3032-3631-3538c6a10853,Joe Flacco
F.Jones,00-0026162,32013030-2d30-3032-3631-36322a6ea14a,Felix Jones
M.Austin,00-0026162,32013030-2d30-3032-3339-32312fc42f27,Felix Jones
R.Mendenhall,00-0026163,32013030-2d30-3032-3631-3633fd74de33,Rashard Mendenhall
C.Johnson,00-0026164,32013030-2d30-3032-3631-36341e03d9e9,Chris Johnson
K.Britt,00-0026164,32013030-2d30-3032-3730-3036db9e19cc,Chris Johnson
D.Keller,00-0026170,32013030-2d30-3032-3631-3730ca26b73d,Dustin Keller
D.Avery,00-0026173,32013030-2d30-3032-3631-373359692e56,Donnie Avery
D.Thomas,00-0026174,32013030-2d30-3032-3631-37346350e0af,Devin Thomas
J.Nelson,00-0026176,32013030-2d30-3032-3631-3736d63ba863,Jordy Nelson
J.Carlson,00-0026178,32013030-2d30-3032-3631-3738ed6c2754,John Carlson
E.Royal,00-0026182,32013030-2d30-3032-3631-3832e6c0dd5e,Eddie Royal
M.Forte,00-0026184,32013030-2d30-3032-3631-3834b508ba36,Matt Forte
J.Simpson,00-0026186,32013030-2d30-3032-3631-38366f3b51bb,Jerome Simpson
F.Davis,00-0026188,32013030-2d30-3032-3631-383891376c4e,Fred Davis
D.Jackson,00-0026189,32013030-2d30-3032-3631-383993ac1996,DeSean Jackson
R.Rice,00-0026195,32013030-2d30-3032-3631-39352f1e2853,Ray Rice
C.Henne,00-0026197,32013030-2d30-3032-3631-3937880c57ee,Chad Henne
M.Bennett,00-0026201,32013030-2d30-3032-3632-3031d0233cfe,Martellus Bennett
K.Smith,00-0026204,32013030-2d30-3032-3632-30345f348583,Kevin Smith
J.Hester,00-0026209,32013030-2d30-3032-3632-3039290a6776,Jacob Hester
E.Bennett,00-0026210,32013030-2d30-3032-3632-3130394e070a,Earl Bennett
J.Charles,00-0026213,32013030-2d30-3032-3632-313325b4e8c2,Jamaal Charles
E.Doucet,00-0026221,32013030-2d30-3032-3632-323146fc0f4f,Early Doucet
H.Douglas,00-0026224,32013030-2d30-3032-3632-32344a4ebd9a,Harry Douglas
C.Stevens,00-0026225,32013030-2d30-3032-3632-3235e7b0a194,Craig Stevens
S.Slaton,00-0026229,32013030-2d30-3032-3632-3239c1fc57e5,Steve Slaton
J.Finley,00-0026231,32013030-2d30-3032-3632-3331afbfaad3,Jermichael Finley
M.Manningham,00-0026235,32013030-2d30-3032-3632-333572d5c540,Mario Manningham
A.Caldwell,00-0026237,32013030-2d30-3032-3632-3337d0ecaeae,Andre Caldwell
M.Rucker,00-0026251,32013030-2d30-3032-3632-3531331bdb35,Martin Rucker
C.Steltz,00-0026260,32013030-2d30-3032-3632-3630681f8a35,Craig Steltz
T.Choice,00-0026262,32013030-2d30-3032-3632-3632e19db5d2,Tashard Choice
L.Hawkins,00-0026266,32013030-2d30-3032-3632-3636a5c9121d,Lavelle Hawkins
J.Tamme,00-0026267,32013030-2d30-3032-3632-3637e6eaac38,Jacob Tamme
R.Torain,00-0026279,32013030-2d30-3032-3632-37398889d4ce,Ryan Torain
G.Barnidge,00-0026281,32013030-2d30-3032-3632-38319188edc2,Gary Barnidge
J.Felton,00-0026286,32013030-2d30-3032-3632-3836b7f72579,Jerome Felton
T.Hightower,00-0026289,32013030-2d30-3032-3632-383949fd08b2,Tim Hightower
M.Slater,00-0026293,32013030-2d30-3032-3632-393397ab94ad,Matthew Slater
K.Davis,00-0026298,32013030-2d30-3032-3632-3938ffb0b658,Kellen Davis
J.Johnson,00-0026300,32013030-2d30-3032-3633-30309d9860a0,Josh Johnson
O.Schmitt,00-0026303,32013030-2d30-3032-3633-30337c29df81,Owen Schmitt
J.Morgan,00-0026314,32013030-2d30-3032-3633-3134eae926fa,Josh Morgan
J.Parmele,00-0026316,32013030-2d30-3032-3633-31361d295c51,Jalen Parmele
C.Lynch,00-0026317,32013030-2d30-3032-3633-3137cb9465f4,Corey Lynch
S.Larsen,00-0026323,32013030-2d30-3032-3633-323314713487,Spencer Larsen
R.Mundy,00-0026334,32013030-2d30-3032-3633-333495b644e6,Ryan Mundy
L.Hilliard,00-0026344,32013030-2d30-3032-3633-3434fdb7d19d,Lex Hilliard
P.Garcon,00-0026345,32013030-2d30-3032-3633-34355e779676,Pierre Garcon
H.Nakamura,00-0026346,32013030-2d30-3032-3633-3436dcb90f65,Haruki Nakamura
M.Flynn,00-0026349,32013030-2d30-3032-3633-3439c5e90621,Matt Flynn
C.Washington,00-0026353,32013030-2d30-3032-3633-35335a6e280b,Chauncey Washington
B.Swain,00-0026357,32013030-2d30-3032-3633-3537dd379b37,Brett Swain
S.Johnson,00-0026364,32013030-2d30-3032-3633-36349e542240,Steve Johnson
St.Johnson,00-0026364,32013030-2d30-3032-3633-36349e542240,Steve Johnson
C.Schilens,00-0026366,32013030-2d30-3032-3633-36368b742cbe,Chaz Schilens
P.Hillis,00-0026367,32013030-2d30-3032-3633-3637e7f101fc,Peyton Hillis
J.Forsett,00-0026373,32013030-2d30-3032-3633-3733685fb6e5,Justin Forsett
A.Arrington,00-0026377,32013030-2d30-3032-3633-37372f0b8fa8,Adrian Arrington
M.Reece,00-0026393,32013030-2d30-3032-3633-3933e376eca3,Marcel Reece
J.Reitz,00-0026408,32013030-2d30-3032-3634-3038c81bed78,Joe Reitz
L.Ball,00-0026432,32013030-2d30-3032-3634-33326bf09118,Lance Ball
A.Armstrong,00-0026465,32013030-2d30-3032-3634-3635b54d1cb0,Anthony Armstrong
S.Logan,00-0026491,32013030-2d30-3032-3634-393188898c73,Stefan Logan
M.Stafford,00-0026498,32013030-2d30-3032-3634-39382e08c011,Matthew Stafford
M.Slauson,00-0026500,32013030-2d30-3032-3635-3030f60a9455,Matt Slauson
B.Colquitt,00-0026516,32013030-2d30-3032-3635-31361c4d7f0a,Britton Colquitt
N.Miller,00-0026536,32013030-2d30-3032-3635-3336be74ecbe,Nick Miller
C.Daniel,00-0026544,32013030-2d30-3032-3635-3434e5fd94ff,Chase Daniel
W.Ta'ufo'ou,00-0026557,32013030-2d30-3032-3635-35378e169a8a,Will Ta'ufo'ou
W.Ta'ufo,00-0026557,32013030-2d30-3032-3635-35378e169a8a,Will Ta'ufo'ou
I.Redman,00-0026566,32013030-2d30-3032-3635-3636f818af44,Isaac Redman
M.Thigpen,00-0026577,32013030-2d30-3032-3635-37378169c16f,Marcus Thigpen
C.Anderson,00-0026578,32013030-2d30-3032-3635-3738ac5b4fab,Colt Anderson
K.Bell,00-0026579,32013030-2d30-3032-3635-373992496a90,Kahlil Bell
B.Bolen,00-0026607,32013030-2d30-3032-3636-3037ef25c011,Brock Bolen
B.Hoyer,00-0026625,32013030-2d30-3032-3636-3235a601d8e5,Brian Hoyer
J.Vaughan,00-0026644,32013030-2d30-3032-3636-34344abfec42,Josh Vaughan
Z.Potter,00-0026658,32013030-2d30-3032-3636-35381477b2e6,Zach Potter
T.Masthay,00-0026664,32013030-2d30-3032-3636-3634edac39d5,Tim Masthay
C.Cloherty,00-0026669,32013030-2d30-3032-3636-36394b07eda8,Colin Cloherty
C.Williams,00-0026691,32013030-2d30-3032-3636-3931b74ad9ea,Chris Williams
K.Brock,00-0026699,32013030-2d30-3032-3636-3939937f593c,Kevin Brock
B.Miller,00-0026712,32013030-2d30-3032-3637-3132f46f4366,Brit Miller
C.Pressley,00-0026723,32013030-2d30-3032-3637-3233342271d3,Chris Pressley
J.Norwood,00-0026739,32013030-2d30-3032-3637-3339295e70c1,Jordan Norwood
C.Brinkley,00-0026745,32013030-2d30-3032-3637-343582afac60,Curtis Brinkley
C.Martin,00-0026753,32013030-2d30-3032-3637-3533cd3523ef,Charly Martin
K.Sperry,00-0026757,32013030-2d30-3032-3637-3537f5462143,Kory Sperry
K.Ogletree,00-0026780,32013030-2d30-3032-3637-38303e4f678e,Kevin Ogletree
A.Foster,00-0026796,32013030-2d30-3032-3637-3936506d4e12,Arian Foster
J.Johnson,00-0026799,32013030-2d30-3032-3637-393963be416c,Jeremiah Johnson
D.Young,00-0026852,32013030-2d30-3032-3638-35323e43b6cd,Darrel Young
A.Smith,00-0026855,32013030-2d30-3032-3638-35357b8852e7,Antone Smith
T.Crabtree,00-0026878,32013030-2d30-3032-3638-3738627b28bd,Tom Crabtree
M.Sanchez,00-0026898,32013030-2d30-3032-3638-3938d10b93b9,Mark Sanchez
S.Greene,00-0026899,32013030-2d30-3032-3638-39394cc5f3ac,Shonn Greene
M.Wallace,00-0026901,32013030-2d30-3032-3639-30312aa87647,Mike Wallace
R.Barden,00-0026902,32013030-2d30-3032-3639-30321b143c8e,Ramses Barden
A.Hill,00-0026908,32013030-2d30-3032-3639-30383286358a,Anthony Hill
J.Knox,00-0026913,32013030-2d30-3032-3639-3133ad67ba9f,Johnny Knox
F.Summers,00-0026926,32013030-2d30-3032-3639-323616ffdb0f,Frank Summers
A.Gardner,00-0026929,32013030-2d30-3032-3639-323964a49960,Andrew Gardner
B.Pascoe,00-0026931,32013030-2d30-3032-3639-3331ea6e25a6,Bear Pascoe
C.Peerman,00-0026932,32013030-2d30-3032-3639-3332f0357818,Cedric Peerman
B.Gibson,00-0026937,32013030-2d30-3032-3639-3337e550df46,Brandon Gibson
B.Scott,00-0026941,32013030-2d30-3032-3639-343132b4b3bb,Bernard Scott
E.Williams,00-0026947,32013030-2d30-3032-3639-3437db51eeee,Eddie Williams
S.Stroughter,00-0026953,32013030-2d30-3032-3639-35333a6ea37b,Sammie Stroughter
L.Stephens-Howling,00-0026956,32013030-2d30-3032-3639-35365e41c308,LaRod Stephens-Howling
D.Johnson,00-0026957,32013030-2d30-3032-3639-35377776054a,David Johnson
L.Louis,00-0026961,32013030-2d30-3032-3639-3631302b0d5a,Lance Louis
C.Morrah,00-0026963,32013030-2d30-3032-3639-3633c6958981,Cameron Morrah
R.Succop,00-0026968,32013030-2d30-3032-3639-36388b39c294,Ryan Succop
D.Heyward-Bey,00-0026983,32013030-2d30-3032-3639-383382f26efa,Darrius Heyward-Bey
B.Raji,00-0026985,32013030-2d30-3032-3639-3835935ceb58,B.J. Raji
M.Crabtree,00-0026986,32013030-2d30-3032-3639-38361c422e2a,Michael Crabtree
K.Moreno,00-0026988,32013030-2d30-3032-3639-38389b7696c5,Knowshon Moreno
J.Freeman,00-0026993,32013030-2d30-3032-3639-3933413b75ca,Josh Freeman
E.Graham,00-0026993,32013030-2d30-3032-3137-3535b30e4514,Josh Freeman
J.Maclin,00-0026995,32013030-2d30-3032-3639-39357171483a,Jeremy Maclin
B.Pettigrew,00-0026996,32013030-2d30-3032-3639-393654761276,Brandon Pettigrew
A.Mack,00-0026997,32013030-2d30-3032-3639-3937429253e1,Alex Mack
P.Harvin,00-0026998,32013030-2d30-3032-3639-39381fca7917,Percy Harvin
D.Brown,00-0027003,32013030-2d30-3032-3730-3033d36fee7f,Donald Brown
H.Nicks,00-0027005,32013030-2d30-3032-3730-3035ae58d8af,Hakeem Nicks
K.Britt,00-0027006,32013030-2d30-3032-3730-3036db9e19cc,Kenny Britt
C.Wells,00-0027007,32013030-2d30-3032-3730-303749c47818,Beanie Wells
B.Robiskie,00-0027012,32013030-2d30-3032-3730-313253f1ba8b,Brian Robiskie
E.Britton,00-0027015,32013030-2d30-3032-3730-31358ff62e9a,Eben Britton
M.Massaquoi,00-0027026,32013030-2d30-3032-3730-3236f4537001,Mohamed Massaquoi
L.McCoy,00-0027029,32013030-2d30-3032-3730-3239509c985a,LeSean McCoy
R.Woods,00-0027029,32013030-2d30-3033-3034-333120799932,LeSean McCoy
T.Kelce,00-0027029,32013030-2d30-3033-3035-3036654ef292,LeSean McCoy
W.Beatty,00-0027036,32013030-2d30-3032-3730-3336dc121578,Will Beatty
B.Tate,00-0027057,32013030-2d30-3032-3730-3537eac585f2,Brandon Tate
P.Turner,00-0027059,32013030-2d30-3032-3730-3539b8ff4033,Patrick Turner
J.Cook,00-0027061,32013030-2d30-3032-3730-3631724728ba,Jared Cook
D.Butler,00-0027063,32013030-2d30-3032-3730-3633b0ae950e,Deon Butler
R.Johnson,00-0027067,32013030-2d30-3032-3730-3637f5ac2814,Rashad Johnson
C.Coffman,00-0027069,32013030-2d30-3032-3730-3639b4c1f128,Chase Coffman
T.Beckum,00-0027070,32013030-2d30-3032-3730-373075635d5b,Travis Beckum
S.McGee,00-0027071,32013030-2d30-3032-3730-37311da2a010,Stephen McGee
M.Thomas,00-0027076,32013030-2d30-3032-3730-3736b9572479,Mike Thomas
J.Hill,00-0027076,32013030-2d30-3032-3534-363335f61c82,Mike Thomas
B.Hartline,00-0027077,32013030-2d30-3032-3730-373793caffd8,Brian Hartline
J.Landry,00-0027077,32013030-2d30-3033-3133-3832ba34ef7f,Brian Hartline
M.Goodson,00-0027080,32013030-2d30-3032-3730-383093b12146,Mike Goodson
D.Bruton,00-0027083,32013030-2d30-3032-3730-3833122973ee,David Bruton
L.Murphy,00-0027089,32013030-2d30-3032-3730-38397727c584,Louis Murphy
A.Collie,00-0027092,32013030-2d30-3032-3730-393273bb2101,Austin Collie
T.Fiammetta,00-0027093,32013030-2d30-3032-3730-3933f27bc2e5,Tony Fiammetta
A.Brown,00-0027094,32013030-2d30-3032-3730-3934551d8d0c,Andre Brown
K.Huber,00-0027103,32013030-2d30-3032-3731-303385b5bb7f,Kevin Huber
J.Dillard,00-0027105,32013030-2d30-3032-3731-3035b4c27ea1,Jarett Dillard
Q.Johnson,00-0027106,32013030-2d30-3032-3731-3036d0f99bdd,Quinn Johnson
J.Casey,00-0027109,32013030-2d30-3032-3731-3039d6dff829,James Casey
T.Morstead,00-0027114,32013030-2d30-3032-3731-3134953fb9f3,Thomas Morstead
C.Clemons,00-0027115,32013030-2d30-3032-3731-31358ddf1d17,Chris Clemons
J.Ringer,00-0027120,32013030-2d30-3032-3731-32307352cab7,Javon Ringer
T.Brandstater,00-0027121,32013030-2d30-3032-3731-32313d85dd8b,Tom Brandstater
Z.Miller,00-0027125,32013030-2d30-3032-3731-32355fd46c7d,Zach Miller
A.Brown,00-0027129,32013030-2d30-3032-3731-323975915d96,Aaron Brown
C.Painter,00-0027134,32013030-2d30-3032-3731-3334c47ca458,Curtis Painter
B.Myers,00-0027135,32013030-2d30-3032-3731-3335452c0e6d,Brandon Myers
J.Phillips,00-0027139,32013030-2d30-3032-3731-33391123bf69,John Phillips
C.Ogbonnaya,00-0027140,32013030-2d30-3032-3731-3430e73f7935,Chris Ogbonnaya
P.McAfee,00-0027145,32013030-2d30-3032-3731-3435c550621a,Pat McAfee
J.Edelman,00-0027150,32013030-2d30-3032-3731-35304d0e9eb8,Julian Edelman
J.O'Connell,00-0027154,32013030-2d30-3032-3731-353420d2ccbf,Jake O'Connell
R.Jennings,00-0027155,32013030-2d30-3032-3731-35356a426a9d,Rashad Jennings
T.Underwood,00-0027156,32013030-2d30-3032-3731-3536d5743cee,Tiquan Underwood
C.Hall,00-0027188,32013030-2d30-3032-3731-3838273ecad0,Chad Hall
M.Palmer,00-0027202,32013030-2d30-3032-3732-3032d32dd758,Michael Palmer
K.Williams,00-0027214,32013030-2d30-3032-3732-313427e295d1,Keiland Williams
L.Paulsen,00-0027215,32013030-2d30-3032-3732-3135e8b24c00,Logan Paulsen
J.Bell,00-0027218,32013030-2d30-3032-3732-313821a0e096,Joique Bell
N.Roosevelt,00-0027220,32013030-2d30-3032-3732-3230626d30ca,Naaman Roosevelt
D.Fletcher,00-0027237,32013030-2d30-3032-3732-33374e844cca,Dane Fletcher
T.Lewis,00-0027253,32013030-2d30-3032-3732-3533fd5f4171,Thad Lewis
K.Toston,00-0027257,32013030-2d30-3032-3732-35374bd73f95,Keith Toston
J.Ballard,00-0027259,32013030-2d30-3032-3732-35392f2dd9c4,Jake Ballard
V.Cruz,00-0027265,32013030-2d30-3032-3732-36358c24b371,Victor Cruz
J.Horne,00-0027308,32013030-2d30-3032-3733-3038548b767e,Jeremy Horne
J.Cumberland,00-0027321,32013030-2d30-3032-3733-32315a18ec9c,Jeff Cumberland
D.Nelson,00-0027322,32013030-2d30-3032-3733-3232ad9fbb42,David Nelson
L.Blount,00-0027325,32013030-2d30-3032-3733-3235a70c88f0,LeGarrette Blount
A.Smith,00-0027346,32013030-2d30-3032-3733-3436badbf2c2,Alfonso Smith
Alf.Smith,00-0027346,32013030-2d30-3032-3733-3436badbf2c2,Alfonso Smith
S.Williams,00-0027349,32013030-2d30-3032-3733-34398ee0d8bb,Stephen Williams
M.Moore,00-0027356,32013030-2d30-3032-3733-353696732fb8,Marlon Moore
Mar.Moore,00-0027356,32013030-2d30-3032-3733-353696732fb8,Marlon Moore
C.Maragos,00-0027378,32013030-2d30-3032-3733-3738fcba1eb6,Chris Maragos
M.Tonga,00-0027412,32013030-2d30-3032-3734-3132da928887,Manase Tonga
C.Gronkowski,00-0027419,32013030-2d30-3032-3734-31397513d0cb,Chris Gronkowski
D.McCray,00-0027422,32013030-2d30-3032-3734-32324124d7b7,Danny McCray
Q.Porter,00-0027437,32013030-2d30-3032-3734-33376b536f46,Quinn Porter
S.Shields,00-0027440,32013030-2d30-3032-3734-3430e4bc430c,Sam Shields
C.West,00-0027441,32013030-2d30-3032-3734-3431464e5a0c,Chastin West
J.Mastrud,00-0027445,32013030-2d30-3032-3734-34352b37a79e,Jeron Mastrud
P.Parker,00-0027450,32013030-2d30-3032-3734-35301a3b353a,Preston Parker
M.Caussin,00-0027500,32013030-2d30-3032-3735-303028c9ef1c,Mike Caussin
D.Jones,00-0027518,32013030-2d30-3032-3735-313841a3803b,Donald Jones
C.Ivory,00-0027531,32013030-2d30-3032-3735-33312117c671,Chris Ivory
A.Levine,00-0027539,32013030-2d30-3032-3735-3339e5bcf197,Anthony Levine
S.Maneri,00-0027567,32013030-2d30-3032-3735-3637ce1ddae9,Steve Maneri
M.Unrein,00-0027573,32013030-2d30-3032-3735-3733d09be350,Mitch Unrein
S.Ajirotutu,00-0027581,32013030-2d30-3032-3735-38315610224c,Seyi Ajirotutu
R.Brockel,00-0027583,32013030-2d30-3032-3735-3833b362bfe4,Richie Brockel
R.Goodman,00-0027585,32013030-2d30-3032-3735-3835db89074c,Richard Goodman
B.Walters,00-0027595,32013030-2d30-3032-3735-39355742260f,Bryan Walters
G.Harrell,00-0027602,32013030-2d30-3032-3736-3032ce89a7b8,Graham Harrell
T.Holliday,00-0027606,32013030-2d30-3032-3736-3036572895fc,Trindon Holliday
K.Williams,00-0027608,32013030-2d30-3032-3736-30389bb0417b,Kyle Williams
R.D'Imperio,00-0027612,32013030-2d30-3032-3736-31325ae74c97,Ryan D'Imperio
B.Banks,00-0027618,32013030-2d30-3032-3736-31382576d40e,Brandon Banks
D.McCluster,00-0027651,32013030-2d30-3032-3736-35318c25fb71,Dexter McCluster
A.Benn,00-0027654,32013030-2d30-3032-3736-3534e1a99468,Arrelious Benn
R.Gronkowski,00-0027656,32013030-2d30-3032-3736-35363689fbe4,Rob Gronkowski
Z.Beadles,00-0027658,32013030-2d30-3032-3736-3538b4744086,Zane Beadles
J.Clausen,00-0027659,32013030-2d30-3032-3736-3539299451a0,Jimmy Clausen
J.Arenas,00-0027660,32013030-2d30-3032-3736-363023f68f90,Javier Arenas
M.Hardesty,00-0027666,32013030-2d30-3032-3736-36365cbcd4f2,Montario Hardesty
E.Dickson,00-0027675,32013030-2d30-3032-3736-37356052cacb,Ed Dickson
B.LaFell,00-0027681,32013030-2d30-3032-3736-38313a4cc13f,Brandon LaFell
E.Sanders,00-0027685,32013030-2d30-3032-3736-383548509814,Emmanuel Sanders
M.Wallace,00-0027685,32013030-2d30-3032-3639-30312aa87647,Emmanuel Sanders
L.Bell,00-0027685,32013030-2d30-3033-3034-3936441ea1c4,Emmanuel Sanders
C.Sutton,00-0027685,32013030-2d30-3033-3433-3438456af4e8,Emmanuel Sanders
D.Booker,00-0027685,32013030-2d30-3033-3239-3732ec926fb5,Emmanuel Sanders
J.Shipley,00-0027687,32013030-2d30-3032-3736-38374a37b64d,Jordan Shipley
C.McCoy,00-0027688,32013030-2d30-3032-3736-38385988c69a,Colt McCoy
E.Decker,00-0027690,32013030-2d30-3032-3736-3930698fa0f5,Eric Decker
A.Roberts,00-0027691,32013030-2d30-3032-3736-393138b8a13c,Andre Roberts
A.Edwards,00-0027692,32013030-2d30-3032-3736-39325eed10ba,Armanti Edwards
T.Price,00-0027693,32013030-2d30-3032-3736-39338440fbd8,Taylor Price
T.Moeaki,00-0027695,32013030-2d30-3032-3736-393529250a81,Tony Moeaki
J.Graham,00-0027696,32013030-2d30-3032-3736-39363e3fa7c9,Jimmy Graham
M.Johnson,00-0027699,32013030-2d30-3032-3736-39399a626a7b,Mike Johnson
M.Gilyard,00-0027700,32013030-2d30-3032-3737-3030a83c6e08,Mardy Gilyard
M.Williams,00-0027702,32013030-2d30-3032-3737-3032efb067ec,Mike Williams
Mi.Williams,00-0027702,32013030-2d30-3032-3737-3032efb067ec,Mike Williams
M.Easley,00-0027708,32013030-2d30-3032-3737-3038984b0a94,Marcus Easley
J.Ford,00-0027709,32013030-2d30-3032-3737-30396d79f884,Jacoby Ford
J.McKnight,00-0027712,32013030-2d30-3032-3737-313259ab26dd,Joe McKnight
A.Hernandez,00-0027713,32013030-2d30-3032-3737-31332ef5e9c2,Aaron Hernandez
D.Pitta,00-0027714,32013030-2d30-3032-3737-3134a9a82078,Dennis Pitta
J.Hawley,00-0027717,32013030-2d30-3032-3737-3137288978e5,Joe Hawley
G.Graham,00-0027718,32013030-2d30-3032-3737-313872446461,Garrett Graham
M.Kafka,00-0027722,32013030-2d30-3032-3737-3232ee5ce4d4,Mike Kafka
C.Harbor,00-0027725,32013030-2d30-3032-3737-3235ac4cadeb,Clay Harbor
M.Hoomanawanui,00-0027732,32013030-2d30-3032-3737-33325a3b06b9,Michael Hoomanawanui
J.Conner,00-0027739,32013030-2d30-3032-3737-3339a4aecce0,John Conner
A.Quarless,00-0027753,32013030-2d30-3032-3737-35338a776633,Andrew Quarless
J.Skelton,00-0027754,32013030-2d30-3032-3737-3534c68c3f31,John Skelton
D.Reed,00-0027755,32013030-2d30-3032-3737-3535d1520901,David Reed
M.Tennant,00-0027757,32013030-2d30-3032-3737-35379a4df5c5,Matt Tennant
R.Cooper,00-0027758,32013030-2d30-3032-3737-3538f89ea146,Riley Cooper
B.Eldridge,00-0027761,32013030-2d30-3032-3737-3631fece3114,Brody Eldridge
K.Meier,00-0027764,32013030-2d30-3032-3737-36347ec941d5,Kerry Meier
F.Onobun,00-0027769,32013030-2d30-3032-3737-3639cf9e4216,Fendi Onobun
S.Schillinger,00-0027770,32013030-2d30-3032-3737-37302b8b0b59,Shann Schillinger
A.Dixon,00-0027772,32013030-2d30-3032-3737-37326a9eb7b1,Anthony Dixon
R.Smith,00-0027775,32013030-2d30-3032-3737-37351d26fba2,Rusty Smith
C.Mitchell,00-0027776,32013030-2d30-3032-3737-37363ada7dad,Carlton Mitchell
D.Karim,00-0027779,32013030-2d30-3032-3737-37393170c991,Deji Karim
N.Byham,00-0027780,32013030-2d30-3032-3737-38305f533f8c,Nate Byham
A.McCoy,00-0027783,32013030-2d30-3032-3737-3833b24230b7,Anthony McCoy
J.Dwyer,00-0027786,32013030-2d30-3032-3737-383640137b50,Jonathan Dwyer
D.Briscoe,00-0027789,32013030-2d30-3032-3737-38398e3c8fd3,Dezmon Briscoe
J.Starks,00-0027791,32013030-2d30-3032-3737-3931a384d490,James Starks
A.Brown,00-0027793,32013030-2d30-3032-3737-393324cab550,Antonio Brown
E.Sanders,00-0027793,32013030-2d30-3032-3736-383548509814,Antonio Brown
J.Webb,00-0027796,32013030-2d30-3032-3737-393677199f40,Joe Webb
Jo.Webb,00-0027796,32013030-2d30-3032-3737-393677199f40,Joe Webb
M.Shuler,00-0027809,32013030-2d30-3032-3738-30393c63d229,Mickey Shuler
T.Austin,00-0027813,32013030-2d30-3032-3738-31332e6273eb,Terrence Austin
M.Mariani,00-0027816,32013030-2d30-3032-3738-313687828881,Marc Mariani
D.Dickerson,00-0027819,32013030-2d30-3032-3738-3139c8e752f2,Dorin Dickerson
J.Dray,00-0027825,32013030-2d30-3032-3738-3235b2aec0e1,Jim Dray
D.Epps,00-0027827,32013030-2d30-3032-3738-32377624d9a2,Dedrick Epps
E.Lorig,00-0027844,32013030-2d30-3032-3738-34343ad9cc40,Erik Lorig
T.Williams,00-0027853,32013030-2d30-3032-3738-3533879a1894,Teddy Williams
S.Bradford,00-0027854,32013030-2d30-3032-3738-353448d0b06c,Sam Bradford
C.Spiller,00-0027861,32013030-2d30-3032-3738-3631206be155,C.J. Spiller
B.Smith,00-0027861,32013030-2d30-3032-3433-3138f996ca29,C.J. Spiller
T.Alualu,00-0027862,32013030-2d30-3032-3738-3632acfd1559,Tyson Alualu
R.Mathews,00-0027864,32013030-2d30-3032-3738-36343277465d,Ryan Mathews
Ry.Mathews,00-0027864,32013030-2d30-3032-3738-36343277465d,Ryan Mathews
M.Iupati,00-0027869,32013030-2d30-3032-3738-3639a340a0f4,Mike Iupati
M.Pouncey,00-0027870,32013030-2d30-3032-3738-3730405fe0c7,Maurkice Pouncey
J.Gresham,00-0027873,32013030-2d30-3032-3738-373367ff4407,Jermaine Gresham
D.Thomas,00-0027874,32013030-2d30-3032-3738-3734e1cdacfa,Demaryius Thomas
E.Decker,00-0027874,32013030-2d30-3032-3736-3930698fa0f5,Demaryius Thomas
De.Thomas,00-0027874,32013030-2d30-3032-3738-3734e1cdacfa,Demaryius Thomas
T.Tebow,00-0027876,32013030-2d30-3032-3738-37367f80ade6,Tim Tebow
J.Best,00-0027880,32013030-2d30-3032-3738-3830f5ea0036,Jahvid Best
T.Gerhart,00-0027888,32013030-2d30-3032-3738-3838cc6ba969,Toby Gerhart
B.Tate,00-0027890,32013030-2d30-3032-3738-39308c123fd8,Ben Tate
G.Tate,00-0027891,32013030-2d30-3032-3738-39319adae9d4,Golden Tate
C.Martin,00-0027891,32013030-2d30-3032-3637-3533cd3523ef,Golden Tate
Z.Ertz,00-0027891,32013030-2d30-3033-3030-3631da16c503,Golden Tate
D.Slayton,00-0027891,32013030-2d30-3033-3535-33356c42f49d,Golden Tate
D.Williams,00-0027893,32013030-2d30-3032-3738-39331d179d69,Damian Williams
Da.Williams,00-0027893,32013030-2d30-3032-3738-39331d179d69,Damian Williams
D.Bryant,00-0027902,32013030-2d30-3032-3739-30326e27afaa,Dez Bryant
W.Tukuafu,00-0027905,32013030-2d30-3032-3739-30358e7ee6ce,Will Tukuafu
D.Alexander,00-0027912,32013030-2d30-3032-3739-3132ccd1041e,Danario Alexander
A.Sendejo,00-0027914,32013030-2d30-3032-3739-3134a2365466,Andrew Sendejo
I.Trufant,00-0027915,32013030-2d30-3032-3739-31356379c871,Isaiah Trufant
T.Clutts,00-0027917,32013030-2d30-3032-3739-3137565ffde5,Tyler Clutts
J.Develin,00-0027925,32013030-2d30-3032-3739-323596e7140b,James Develin
